category,product,price
Restaurant & Food Service,Opening Checklist,17.99
Restaurant & Food Service,Closing Planner,17.99
Restaurant & Food Service,Inventory Review,17.99
Restaurant & Food Service,Prep Template,17.99
Restaurant & Food Service,Food Safety Checklist,17.99
Restaurant & Food Service,Line Check Planner,17.99
Restaurant & Food Service,Shift Review,17.99
Restaurant & Food Service,Cash Flow Template,17.99
Restaurant & Food Service,Waste Checklist,17.99
Restaurant & Food Service,Service Recovery Planner,17.99
Restaurant & Food Service,Vendor Review,17.99
Restaurant & Food Service,Menu Template,17.99
Restaurant & Food Service,Staffing Checklist,17.99
Restaurant & Food Service,Kitchen Planner,17.99
Restaurant & Food Service,Compliance Review,17.99
Restaurant & Food Service,Order Flow Template,17.99
Restaurant & Food Service,Drive-Thru Checklist,17.99
Restaurant & Food Service,Catering Planner,17.99
Restaurant & Food Service,Bar Review,17.99
Restaurant & Food Service,Breakfast Template,17.99
Restaurant & Food Service,Lunch Checklist,17.99
Restaurant & Food Service,Dinner Planner,17.99
Restaurant & Food Service,Delivery Review,17.99
Restaurant & Food Service,Beverage Template,17.99
Restaurant & Food Service,Franchise Checklist,17.99
Restaurant & Food Service,Seasonal Planner,17.99
Restaurant & Food Service,Holiday Review,17.99
Restaurant & Food Service,Opening Template,17.99
Restaurant & Food Service,Closing Checklist,17.99
Restaurant & Food Service,Inventory Planner,17.99
Restaurant & Food Service,Prep Review,17.99
Restaurant & Food Service,Food Safety Template,17.99
Restaurant & Food Service,Line Check Checklist,17.99
Restaurant & Food Service,Shift Planner,17.99
Restaurant & Food Service,Cash Flow Review,17.99
Restaurant & Food Service,Waste Template,17.99
Restaurant & Food Service,Service Recovery Checklist,17.99
Restaurant & Food Service,Vendor Planner,17.99
Restaurant & Food Service,Menu Review,17.99
Restaurant & Food Service,Staffing Template,17.99
Restaurant & Food Service,Kitchen Checklist,17.99
Restaurant & Food Service,Compliance Planner,17.99
Restaurant & Food Service,Order Flow Review,17.99
Restaurant & Food Service,Drive-Thru Template,17.99
Restaurant & Food Service,Catering Checklist,17.99
Restaurant & Food Service,Bar Planner,17.99
Restaurant & Food Service,Breakfast Review,17.99
Restaurant & Food Service,Lunch Template,17.99
Restaurant & Food Service,Dinner Checklist,17.99
Restaurant & Food Service,Delivery Planner,17.99
Retail & Store Ops,Sales Checklist,18.99
Retail & Store Ops,Inventory Planner,18.99
Retail & Store Ops,Cash Drawer Review,18.99
Retail & Store Ops,Store Opening Dashboard,18.99
Retail & Store Ops,Store Closing Checklist,18.99
Retail & Store Ops,Daily Planner,18.99
Retail & Store Ops,Loss Prevention Review,18.99
Retail & Store Ops,Restock Dashboard,18.99
Retail & Store Ops,Holiday Checklist,18.99
Retail & Store Ops,Return Planner,18.99
Retail & Store Ops,Visual Merch Review,18.99
Retail & Store Ops,Front End Dashboard,18.99
Retail & Store Ops,Stockroom Checklist,18.99
Retail & Store Ops,Staffing Planner,18.99
Retail & Store Ops,Queue Review,18.99
Retail & Store Ops,Retail Dashboard,18.99
Retail & Store Ops,Checkout Checklist,18.99
Retail & Store Ops,Customer Service Planner,19.99
Retail & Store Ops,Recovery Review,18.99
Retail & Store Ops,Pricing Dashboard,18.99
Retail & Store Ops,Promo Checklist,18.99
Retail & Store Ops,Display Planner,18.99
Retail & Store Ops,Merch Review,18.99
Retail & Store Ops,Upsell Dashboard,18.99
Retail & Store Ops,Audit Checklist,18.99
Retail & Store Ops,Floor Planner,18.99
Retail & Store Ops,Team Review,18.99
Retail & Store Ops,Cash Flow Dashboard,18.99
Retail & Store Ops,Shopping Checklist,18.99
Retail & Store Ops,Planogram Planner,18.99
Retail & Store Ops,Sales Review,18.99
Retail & Store Ops,Inventory Dashboard,18.99
Retail & Store Ops,Cash Drawer Checklist,18.99
Retail & Store Ops,Store Opening Planner,18.99
Retail & Store Ops,Store Closing Review,18.99
Retail & Store Ops,Daily Dashboard,18.99
Retail & Store Ops,Loss Prevention Checklist,18.99
Retail & Store Ops,Restock Planner,18.99
Retail & Store Ops,Holiday Review,18.99
Retail & Store Ops,Return Dashboard,18.99
Retail & Store Ops,Visual Merch Checklist,18.99
Retail & Store Ops,Front End Planner,18.99
Retail & Store Ops,Stockroom Review,18.99
Retail & Store Ops,Staffing Dashboard,18.99
Retail & Store Ops,Queue Checklist,18.99
Retail & Store Ops,Retail Planner,18.99
Retail & Store Ops,Checkout Review,18.99
Retail & Store Ops,Customer Service Dashboard,19.99
Retail & Store Ops,Recovery Checklist,18.99
Retail & Store Ops,Pricing Planner,18.99
Construction & Trades,Jobsite Checklist,18.99
Construction & Trades,Safety Planner,18.99
Construction & Trades,Estimate Audit,18.99
Construction & Trades,Punch List Daily,19.99
Construction & Trades,Inspection Checklist,18.99
Construction & Trades,Crew Planner,18.99
Construction & Trades,Equipment Audit,18.99
Construction & Trades,Daily Daily,19.99
Construction & Trades,Site Checklist,18.99
Construction & Trades,Material Planner,18.99
Construction & Trades,Change Order Audit,18.99
Construction & Trades,Permit Daily,19.99
Construction & Trades,Subcontractor Checklist,20.99
Construction & Trades,Progress Planner,18.99
Construction & Trades,Cleanup Audit,18.99
Construction & Trades,Inspection Daily,19.99
Construction & Trades,Project Checklist,18.99
Construction & Trades,Field Planner,18.99
Construction & Trades,Tool Audit,18.99
Construction & Trades,Weather Daily,19.99
Construction & Trades,Road Checklist,18.99
Construction & Trades,Flooring Planner,18.99
Construction & Trades,Drywall Audit,18.99
Construction & Trades,Concrete Daily,19.99
Construction & Trades,Electrical Checklist,18.99
Construction & Trades,Plumbing Planner,18.99
Construction & Trades,HVAC Audit,18.99
Construction & Trades,Painting Daily,19.99
Construction & Trades,Roofing Checklist,18.99
Construction & Trades,Demolition Planner,18.99
Construction & Trades,Maintenance Audit,19.99
Construction & Trades,Jobsite Daily,19.99
Construction & Trades,Safety Checklist,18.99
Construction & Trades,Estimate Planner,18.99
Construction & Trades,Punch List Audit,18.99
Construction & Trades,Inspection Daily,19.99
Construction & Trades,Crew Checklist,18.99
Construction & Trades,Equipment Planner,18.99
Construction & Trades,Daily Audit,19.99
Construction & Trades,Site Daily,19.99
Construction & Trades,Material Checklist,18.99
Construction & Trades,Change Order Planner,18.99
Construction & Trades,Permit Audit,18.99
Construction & Trades,Subcontractor Daily,21.99
Construction & Trades,Progress Checklist,18.99
Construction & Trades,Cleanup Planner,18.99
Construction & Trades,Inspection Audit,18.99
Construction & Trades,Project Daily,19.99
Construction & Trades,Field Checklist,18.99
Construction & Trades,Tool Planner,18.99
Legal & Professional Services,Client Intake Sheet,28.99
Legal & Professional Services,Case Status Log,28.99
Legal & Professional Services,Billing Template,28.99
Legal & Professional Services,Deadline Guide,28.99
Legal & Professional Services,Follow Up Tracker,28.99
Legal & Professional Services,Conflict Check Planner,28.99
Legal & Professional Services,Evidence Review,28.99
Legal & Professional Services,Discovery Dashboard,28.99
Legal & Professional Services,Retention Checklist,28.99
Legal & Professional Services,Consultation Form,28.99
Legal & Professional Services,Matter Audit,28.99
Legal & Professional Services,Review Sheet,28.99
Legal & Professional Services,Document Log,28.99
Legal & Professional Services,Compliance Template,28.99
Legal & Professional Services,Appeal Guide,28.99
Legal & Professional Services,Court Tracker,28.99
Legal & Professional Services,Settlement Planner,28.99
Legal & Professional Services,Research Review,28.99
Legal & Professional Services,Client Dashboard,28.99
Legal & Professional Services,File Checklist,28.99
Legal & Professional Services,Handoff Form,28.99
Legal & Professional Services,Billing Audit,28.99
Legal & Professional Services,Paralegal Sheet,28.99
Legal & Professional Services,Notary Log,28.99
Legal & Professional Services,Trust Template,28.99
Legal & Professional Services,Escrow Guide,28.99
Legal & Professional Services,Client Intake Tracker,28.99
Legal & Professional Services,Case Status Planner,28.99
Legal & Professional Services,Billing Review,28.99
Legal & Professional Services,Deadline Dashboard,28.99
Legal & Professional Services,Follow Up Checklist,28.99
Legal & Professional Services,Conflict Check Form,28.99
Legal & Professional Services,Evidence Audit,28.99
Legal & Professional Services,Discovery Sheet,28.99
Legal & Professional Services,Retention Log,28.99
Legal & Professional Services,Consultation Template,28.99
Legal & Professional Services,Matter Guide,28.99
Legal & Professional Services,Review Tracker,28.99
Legal & Professional Services,Document Planner,28.99
Legal & Professional Services,Compliance Review,28.99
Legal & Professional Services,Appeal Dashboard,28.99
Legal & Professional Services,Court Checklist,28.99
Legal & Professional Services,Settlement Form,28.99
Legal & Professional Services,Research Audit,28.99
Legal & Professional Services,Client Sheet,28.99
Legal & Professional Services,File Log,28.99
Legal & Professional Services,Handoff Template,28.99
Legal & Professional Services,Billing Guide,28.99
Legal & Professional Services,Paralegal Tracker,28.99
Legal & Professional Services,Notary Planner,28.99
Healthcare & Care Ops,Patient Intake Checklist,15.99
Healthcare & Care Ops,Caregiver Shift Planner,15.99
Healthcare & Care Ops,Fall Risk Form,15.99
Healthcare & Care Ops,Medication Audit,15.99
Healthcare & Care Ops,Visit Handoff Tracker,15.99
Healthcare & Care Ops,Home Care Sheet,15.99
Healthcare & Care Ops,Referral Guide,15.99
Healthcare & Care Ops,Insurance Dashboard,17.99
Healthcare & Care Ops,Recovery Log,15.99
Healthcare & Care Ops,Wellness Review,15.99
Healthcare & Care Ops,Safety Template,15.99
Healthcare & Care Ops,Assessment Checklist,15.99
Healthcare & Care Ops,Care Plan Planner,15.99
Healthcare & Care Ops,Daily Note Form,16.99
Healthcare & Care Ops,Support Audit,15.99
Healthcare & Care Ops,Nutrition Tracker,15.99
Healthcare & Care Ops,Mobility Sheet,15.99
Healthcare & Care Ops,Exercise Guide,15.99
Healthcare & Care Ops,Discharge Dashboard,15.99
Healthcare & Care Ops,Check-In Log,15.99
Healthcare & Care Ops,Follow-Up Review,15.99
Healthcare & Care Ops,Health Template,15.99
Healthcare & Care Ops,Therapy Checklist,15.99
Healthcare & Care Ops,Case Planner,15.99
Healthcare & Care Ops,Outcome Form,15.99
Healthcare & Care Ops,Patient Intake Audit,15.99
Healthcare & Care Ops,Caregiver Shift Tracker,15.99
Healthcare & Care Ops,Fall Risk Sheet,15.99
Healthcare & Care Ops,Medication Guide,15.99
Healthcare & Care Ops,Visit Handoff Dashboard,15.99
Healthcare & Care Ops,Home Care Log,15.99
Healthcare & Care Ops,Referral Review,15.99
Healthcare & Care Ops,Insurance Template,17.99
Healthcare & Care Ops,Recovery Checklist,15.99
Healthcare & Care Ops,Wellness Planner,15.99
Healthcare & Care Ops,Safety Form,15.99
Healthcare & Care Ops,Assessment Audit,15.99
Healthcare & Care Ops,Care Plan Tracker,15.99
Healthcare & Care Ops,Daily Note Sheet,16.99
Healthcare & Care Ops,Support Guide,15.99
Healthcare & Care Ops,Nutrition Dashboard,15.99
Healthcare & Care Ops,Mobility Log,15.99
Healthcare & Care Ops,Exercise Review,15.99
Healthcare & Care Ops,Discharge Template,15.99
Healthcare & Care Ops,Check-In Checklist,15.99
Healthcare & Care Ops,Follow-Up Planner,15.99
Healthcare & Care Ops,Health Form,15.99
Healthcare & Care Ops,Therapy Audit,15.99
Healthcare & Care Ops,Case Tracker,15.99
Healthcare & Care Ops,Outcome Sheet,15.99
Home Services & Property,Turnover Checklist,15.99
Home Services & Property,Move-In Planner,15.99
Home Services & Property,Move-Out Audit,15.99
Home Services & Property,Inspection Guide,15.99
Home Services & Property,Repair Log,17.99
Home Services & Property,Work Order Review,15.99
Home Services & Property,Maintenance Template,16.99
Home Services & Property,Cleaning Tracker,15.99
Home Services & Property,Pest Sheet,15.99
Home Services & Property,Security Form,15.99
Home Services & Property,Landscaping Checklist,15.99
Home Services & Property,Pressure Wash Planner,15.99
Home Services & Property,Rental Audit,16.99
Home Services & Property,Occupancy Guide,15.99
Home Services & Property,Utility Log,15.99
Home Services & Property,Emergency Review,15.99
Home Services & Property,Service Template,15.99
Home Services & Property,Property Tracker,15.99
Home Services & Property,Inspection Sheet,15.99
Home Services & Property,Tenant Form,15.99
Home Services & Property,Lease Checklist,15.99
Home Services & Property,Key Planner,15.99
Home Services & Property,Locksmith Audit,15.99
Home Services & Property,HOA Guide,15.99
Home Services & Property,Seasonal Log,15.99
Home Services & Property,Turnover Review,15.99
Home Services & Property,Move-In Template,15.99
Home Services & Property,Move-Out Tracker,15.99
Home Services & Property,Inspection Sheet,15.99
Home Services & Property,Repair Form,17.99
Home Services & Property,Work Order Checklist,15.99
Home Services & Property,Maintenance Planner,16.99
Home Services & Property,Cleaning Audit,15.99
Home Services & Property,Pest Guide,15.99
Home Services & Property,Security Log,15.99
Home Services & Property,Landscaping Review,15.99
Home Services & Property,Pressure Wash Template,15.99
Home Services & Property,Rental Tracker,16.99
Home Services & Property,Occupancy Sheet,15.99
Home Services & Property,Utility Form,15.99
Home Services & Property,Emergency Checklist,15.99
Home Services & Property,Service Planner,15.99
Home Services & Property,Property Audit,15.99
Home Services & Property,Inspection Guide,15.99
Home Services & Property,Tenant Log,15.99
Home Services & Property,Lease Review,15.99
Home Services & Property,Key Template,15.99
Home Services & Property,Locksmith Tracker,15.99
Home Services & Property,HOA Sheet,15.99
Home Services & Property,Seasonal Form,15.99
Finance & Business Ops,Budget Sheet,16.99
Finance & Business Ops,Cash Flow Planner,15.99
Finance & Business Ops,Payroll Reset,15.99
Finance & Business Ops,Expense Guide,15.99
Finance & Business Ops,Invoice Tracker,15.99
Finance & Business Ops,Profit Log,15.99
Finance & Business Ops,Operating Dashboard,15.99
Finance & Business Ops,Forecast Form,15.99
Finance & Business Ops,Tax Checklist,17.49
Finance & Business Ops,Debt Review,17.49
Finance & Business Ops,Savings Template,15.99
Finance & Business Ops,Emergency Sheet,15.99
Finance & Business Ops,Loan Planner,15.99
Finance & Business Ops,Revenue Reset,15.99
Finance & Business Ops,Client Guide,15.99
Finance & Business Ops,SaaS Tracker,15.99
Finance & Business Ops,Membership Log,15.99
Finance & Business Ops,Subscription Dashboard,15.99
Finance & Business Ops,P&L Form,15.99
Finance & Business Ops,Working Capital Checklist,15.99
Finance & Business Ops,Collection Review,15.99
Finance & Business Ops,Bookkeeping Template,15.99
Finance & Business Ops,Receivables Sheet,15.99
Finance & Business Ops,Treasury Planner,15.99
Finance & Business Ops,Audit Reset,15.99
Finance & Business Ops,Budget Guide,16.99
Finance & Business Ops,Cash Flow Tracker,15.99
Finance & Business Ops,Payroll Log,15.99
Finance & Business Ops,Expense Dashboard,15.99
Finance & Business Ops,Invoice Form,15.99
Finance & Business Ops,Profit Checklist,15.99
Finance & Business Ops,Operating Review,15.99
Finance & Business Ops,Forecast Template,15.99
Finance & Business Ops,Tax Sheet,17.49
Finance & Business Ops,Debt Planner,17.49
Finance & Business Ops,Savings Reset,15.99
Finance & Business Ops,Emergency Guide,15.99
Finance & Business Ops,Loan Tracker,15.99
Finance & Business Ops,Revenue Log,15.99
Finance & Business Ops,Client Dashboard,15.99
Finance & Business Ops,SaaS Form,15.99
Finance & Business Ops,Membership Checklist,15.99
Finance & Business Ops,Subscription Review,15.99
Finance & Business Ops,P&L Template,15.99
Finance & Business Ops,Working Capital Sheet,15.99
Finance & Business Ops,Collection Planner,15.99
Finance & Business Ops,Bookkeeping Reset,15.99
Finance & Business Ops,Receivables Guide,15.99
Finance & Business Ops,Treasury Tracker,15.99
Finance & Business Ops,Audit Log,15.99
Creator & Digital Business,Content Checklist,15.99
Creator & Digital Business,Launch Sheet,15.99
Creator & Digital Business,Client Template,15.99
Creator & Digital Business,Offer Map,15.99
Creator & Digital Business,Workflow Tracker,15.99
Creator & Digital Business,Brand Log,15.99
Creator & Digital Business,Email Review,16.99
Creator & Digital Business,Retention Audit,15.99
Creator & Digital Business,Sales Planner,15.99
Creator & Digital Business,Upsell Dashboard,15.99
Creator & Digital Business,Ad Spend Guide,15.99
Creator & Digital Business,Content Calendar Checklist,15.99
Creator & Digital Business,SEO Sheet,15.99
Creator & Digital Business,Landing Page Template,15.99
Creator & Digital Business,Audience Map,15.99
Creator & Digital Business,Leads Tracker,15.99
Creator & Digital Business,Funnel Log,15.99
Creator & Digital Business,Portfolio Review,15.99
Creator & Digital Business,Course Audit,15.99
Creator & Digital Business,Productivity Planner,15.99
Creator & Digital Business,Automation Dashboard,16.99
Creator & Digital Business,Workflow Guide,15.99
Creator & Digital Business,Creative Checklist,15.99
Creator & Digital Business,Nurture Sheet,15.99
Creator & Digital Business,Research Template,15.99
Creator & Digital Business,Asset Map,15.99
Creator & Digital Business,Content Tracker,15.99
Creator & Digital Business,Launch Log,15.99
Creator & Digital Business,Client Review,15.99
Creator & Digital Business,Offer Audit,15.99
Creator & Digital Business,Workflow Planner,15.99
Creator & Digital Business,Brand Dashboard,15.99
Creator & Digital Business,Email Guide,16.99
Creator & Digital Business,Retention Checklist,15.99
Creator & Digital Business,Sales Sheet,15.99
Creator & Digital Business,Upsell Template,15.99
Creator & Digital Business,Ad Spend Map,15.99
Creator & Digital Business,Content Calendar Tracker,15.99
Creator & Digital Business,SEO Log,15.99
Creator & Digital Business,Landing Page Review,15.99
Creator & Digital Business,Audience Audit,15.99
Creator & Digital Business,Leads Planner,15.99
Creator & Digital Business,Funnel Dashboard,15.99
Creator & Digital Business,Portfolio Guide,15.99
Creator & Digital Business,Course Checklist,15.99
Creator & Digital Business,Productivity Sheet,15.99
Creator & Digital Business,Automation Template,16.99
Creator & Digital Business,Workflow Map,15.99
Creator & Digital Business,Creative Tracker,15.99
Creator & Digital Business,Nurture Log,15.99
School & Student Life,Homework Checklist,14.99
School & Student Life,Deadline Sheet,14.99
School & Student Life,Study Template,14.99
School & Student Life,Assignment Audit,14.99
School & Student Life,Course Planner,14.99
School & Student Life,Campus Review,14.99
School & Student Life,Parent Map,15.99
School & Student Life,Teacher Tracker,14.99
School & Student Life,Classroom Log,14.99
School & Student Life,Exam Guide,14.99
School & Student Life,Essay Checklist,14.99
School & Student Life,Reading Sheet,14.99
School & Student Life,Project Template,14.99
School & Student Life,Tutor Audit,14.99
School & Student Life,Mentor Planner,14.99
School & Student Life,Student Review,14.99
School & Student Life,Academic Map,14.99
School & Student Life,Group Tracker,14.99
School & Student Life,Schedule Log,14.99
School & Student Life,Semester Guide,14.99
School & Student Life,Scholarship Checklist,14.99
School & Student Life,Financial Aid Sheet,15.99
School & Student Life,University Template,14.99
School & Student Life,College Audit,14.99
School & Student Life,Homework Planner,14.99
School & Student Life,Deadline Review,14.99
School & Student Life,Study Map,14.99
School & Student Life,Assignment Tracker,14.99
School & Student Life,Course Log,14.99
School & Student Life,Campus Guide,14.99
School & Student Life,Parent Checklist,15.99
School & Student Life,Teacher Sheet,14.99
School & Student Life,Classroom Template,14.99
School & Student Life,Exam Audit,14.99
School & Student Life,Essay Planner,14.99
School & Student Life,Reading Review,14.99
School & Student Life,Project Map,14.99
School & Student Life,Tutor Tracker,14.99
School & Student Life,Mentor Log,14.99
School & Student Life,Student Guide,14.99
School & Student Life,Academic Checklist,14.99
School & Student Life,Group Sheet,14.99
School & Student Life,Schedule Template,14.99
School & Student Life,Semester Audit,14.99
School & Student Life,Scholarship Planner,14.99
School & Student Life,Financial Aid Review,15.99
School & Student Life,University Map,14.99
School & Student Life,College Tracker,14.99
School & Student Life,Homework Log,14.99
School & Student Life,Deadline Guide,14.99
Family & Household Admin,Meal Checklist,14.99
Family & Household Admin,Laundry Sheet,14.99
Family & Household Admin,School Forms Template,14.99
Family & Household Admin,Chore Map,14.99
Family & Household Admin,Household Tracker,14.99
Family & Household Admin,Family Admin Log,14.99
Family & Household Admin,Schedule Review,14.99
Family & Household Admin,Routine Form,14.99
Family & Household Admin,School Lunch Planner,14.99
Family & Household Admin,Vacation Guide,14.99
Family & Household Admin,Pet Care Reset,15.99
Family & Household Admin,Doctor Checklist,14.99
Family & Household Admin,Appointment Sheet,14.99
Family & Household Admin,Budget Template,15.99
Family & Household Admin,Home Map,14.99
Family & Household Admin,Parent Tracker,15.99
Family & Household Admin,Weekend Log,14.99
Family & Household Admin,Kids Review,14.99
Family & Household Admin,Errand Form,14.99
Family & Household Admin,Calendar Planner,14.99
Family & Household Admin,House Guide,14.99
Family & Household Admin,Life Reset,14.99
Family & Household Admin,Home Reset Checklist,14.99
Family & Household Admin,Meal Sheet,14.99
Family & Household Admin,Laundry Template,14.99
Family & Household Admin,School Forms Map,14.99
Family & Household Admin,Chore Tracker,14.99
Family & Household Admin,Household Log,14.99
Family & Household Admin,Family Admin Review,14.99
Family & Household Admin,Schedule Form,14.99
Family & Household Admin,Routine Planner,14.99
Family & Household Admin,School Lunch Guide,14.99
Family & Household Admin,Vacation Reset,14.99
Family & Household Admin,Pet Care Checklist,15.99
Family & Household Admin,Doctor Sheet,14.99
Family & Household Admin,Appointment Template,14.99
Family & Household Admin,Budget Map,15.99
Family & Household Admin,Home Tracker,14.99
Family & Household Admin,Parent Log,15.99
Family & Household Admin,Weekend Review,14.99
Family & Household Admin,Kids Form,14.99
Family & Household Admin,Errand Planner,14.99
Family & Household Admin,Calendar Guide,14.99
Family & Household Admin,House Reset,14.99
Family & Household Admin,Life Checklist,14.99
Family & Household Admin,Home Reset Sheet,14.99
Family & Household Admin,Meal Template,14.99
Family & Household Admin,Laundry Map,14.99
Family & Household Admin,School Forms Tracker,14.99
Family & Household Admin,Chore Log,14.99
Auto & Transportation,Repair Checklist,16.99
Auto & Transportation,Inspection Planner,14.99
Auto & Transportation,Maintenance Form,15.99
Auto & Transportation,Fleet Dashboard,14.99
Auto & Transportation,Route Log,14.99
Auto & Transportation,Delivery Review,14.99
Auto & Transportation,Tire Guide,14.99
Auto & Transportation,Brake Tracker,14.99
Auto & Transportation,Oil Sheet,14.99
Auto & Transportation,Service Template,15.99
Auto & Transportation,Vehicle Checklist,14.99
Auto & Transportation,Insurance Planner,16.99
Auto & Transportation,Driver Form,14.99
Auto & Transportation,Safety Dashboard,14.99
Auto & Transportation,Trailer Log,15.99
Auto & Transportation,Invoice Review,14.99
Auto & Transportation,Dispatch Guide,14.99
Auto & Transportation,Load Tracker,14.99
Auto & Transportation,Pickup Sheet,14.99
Auto & Transportation,Scheduling Template,14.99
Auto & Transportation,Mileage Checklist,14.99
Auto & Transportation,Parking Planner,14.99
Auto & Transportation,Repair Form,16.99
Auto & Transportation,Inspection Dashboard,14.99
Auto & Transportation,Maintenance Log,15.99
Auto & Transportation,Fleet Review,14.99
Auto & Transportation,Route Guide,14.99
Auto & Transportation,Delivery Tracker,14.99
Auto & Transportation,Tire Sheet,14.99
Auto & Transportation,Brake Template,14.99
Auto & Transportation,Oil Checklist,14.99
Auto & Transportation,Service Planner,15.99
Auto & Transportation,Vehicle Form,14.99
Auto & Transportation,Insurance Dashboard,16.99
Auto & Transportation,Driver Log,14.99
Auto & Transportation,Safety Review,14.99
Auto & Transportation,Trailer Guide,15.99
Auto & Transportation,Invoice Tracker,14.99
Auto & Transportation,Dispatch Sheet,14.99
Auto & Transportation,Load Template,14.99
Auto & Transportation,Pickup Checklist,14.99
Auto & Transportation,Scheduling Planner,14.99
Auto & Transportation,Mileage Form,14.99
Auto & Transportation,Parking Dashboard,14.99
Auto & Transportation,Repair Log,16.99
Auto & Transportation,Inspection Review,14.99
Auto & Transportation,Maintenance Guide,15.99
Auto & Transportation,Fleet Tracker,14.99
Auto & Transportation,Route Sheet,14.99
Auto & Transportation,Delivery Template,14.99
Wellness & Recovery,Recovery Checklist,14.99
Wellness & Recovery,Sleep Sheet,14.99
Wellness & Recovery,Energy Reset,14.99
Wellness & Recovery,Burnout Map,14.99
Wellness & Recovery,Anxiety Tracker,14.99
Wellness & Recovery,Hydration Log,14.99
Wellness & Recovery,Stress Journal,14.99
Wellness & Recovery,Mood Form,14.99
Wellness & Recovery,Focus Planner,14.99
Wellness & Recovery,Nutrition Guide,14.99
Wellness & Recovery,Movement Template,14.99
Wellness & Recovery,Symptoms Checklist,14.99
Wellness & Recovery,Flare Sheet,14.99
Wellness & Recovery,Calm Reset,14.99
Wellness & Recovery,Grounding Map,14.99
Wellness & Recovery,Routine Tracker,14.99
Wellness & Recovery,Breathwork Log,14.99
Wellness & Recovery,Rest Journal,14.99
Wellness & Recovery,Reset Form,14.99
Wellness & Recovery,Recovery Planner,14.99
Wellness & Recovery,Mobility Guide,14.99
Wellness & Recovery,Self Care Template,15.99
Wellness & Recovery,Wellness Checklist,14.99
Wellness & Recovery,Recovery Sheet,14.99
Wellness & Recovery,Sleep Reset,14.99
Wellness & Recovery,Energy Map,14.99
Wellness & Recovery,Burnout Tracker,14.99
Wellness & Recovery,Anxiety Log,14.99
Wellness & Recovery,Hydration Journal,14.99
Wellness & Recovery,Stress Form,14.99
Wellness & Recovery,Mood Planner,14.99
Wellness & Recovery,Focus Guide,14.99
Wellness & Recovery,Nutrition Template,14.99
Wellness & Recovery,Movement Checklist,14.99
Wellness & Recovery,Symptoms Sheet,14.99
Wellness & Recovery,Flare Reset,14.99
Wellness & Recovery,Calm Map,14.99
Wellness & Recovery,Grounding Tracker,14.99
Wellness & Recovery,Routine Log,14.99
Wellness & Recovery,Breathwork Journal,14.99
Wellness & Recovery,Rest Form,14.99
Wellness & Recovery,Reset Planner,14.99
Wellness & Recovery,Recovery Guide,14.99
Wellness & Recovery,Mobility Template,14.99
Wellness & Recovery,Self Care Checklist,15.99
Wellness & Recovery,Wellness Sheet,14.99
Wellness & Recovery,Recovery Reset,14.99
Wellness & Recovery,Sleep Map,14.99
Wellness & Recovery,Energy Tracker,14.99
Wellness & Recovery,Burnout Log,14.99
Pet Care & Animal Services,Grooming Checklist,16.99
Pet Care & Animal Services,Boarding Planner,16.99
Pet Care & Animal Services,Training Guide,17.99
Pet Care & Animal Services,Feeding Dashboard,16.99
Pet Care & Animal Services,Medication Log,16.99
Pet Care & Animal Services,Vet Visit Review,16.99
Pet Care & Animal Services,Dog Walker Template,16.99
Pet Care & Animal Services,Cat Care Tracker,16.99
Pet Care & Animal Services,Pet Health Sheet,16.99
Pet Care & Animal Services,Behavior Form,16.99
Pet Care & Animal Services,Daily Checklist,17.99
Pet Care & Animal Services,Care Planner,16.99
Pet Care & Animal Services,Travel Guide,16.99
Pet Care & Animal Services,Pet Sitting Dashboard,16.99
Pet Care & Animal Services,Kennel Log,16.99
Pet Care & Animal Services,Sitter Review,16.99
Pet Care & Animal Services,Rescue Template,16.99
Pet Care & Animal Services,Puppy Tracker,16.99
Pet Care & Animal Services,Senior Pet Sheet,18.49
Pet Care & Animal Services,Grooming Form,16.99
Pet Care & Animal Services,Boarding Checklist,16.99
Pet Care & Animal Services,Training Planner,17.99
Pet Care & Animal Services,Feeding Guide,16.99
Pet Care & Animal Services,Medication Dashboard,16.99
Pet Care & Animal Services,Vet Visit Log,16.99
Pet Care & Animal Services,Dog Walker Review,16.99
Pet Care & Animal Services,Cat Care Template,16.99
Pet Care & Animal Services,Pet Health Tracker,16.99
Pet Care & Animal Services,Behavior Sheet,16.99
Pet Care & Animal Services,Daily Form,17.99
Pet Care & Animal Services,Care Checklist,16.99
Pet Care & Animal Services,Travel Planner,16.99
Pet Care & Animal Services,Pet Sitting Guide,16.99
Pet Care & Animal Services,Kennel Dashboard,16.99
Pet Care & Animal Services,Sitter Log,16.99
Pet Care & Animal Services,Rescue Review,16.99
Pet Care & Animal Services,Puppy Template,16.99
Pet Care & Animal Services,Senior Pet Tracker,18.49
Pet Care & Animal Services,Grooming Sheet,16.99
Pet Care & Animal Services,Boarding Form,16.99
Pet Care & Animal Services,Training Checklist,17.99
Pet Care & Animal Services,Feeding Planner,16.99
Pet Care & Animal Services,Medication Guide,16.99
Pet Care & Animal Services,Vet Visit Dashboard,16.99
Pet Care & Animal Services,Dog Walker Log,16.99
Pet Care & Animal Services,Cat Care Review,16.99
Pet Care & Animal Services,Pet Health Template,16.99
Pet Care & Animal Services,Behavior Tracker,16.99
Pet Care & Animal Services,Daily Sheet,17.99
Pet Care & Animal Services,Care Form,16.99
Travel & Hospitality,Hotel Checklist,14.99
Travel & Hospitality,Vacation Sheet,14.99
Travel & Hospitality,Trip Template,14.99
Travel & Hospitality,Travel Review,14.99
Travel & Hospitality,Guest Planner,14.99
Travel & Hospitality,Check-In Guide,14.99
Travel & Hospitality,Check-Out Map,14.99
Travel & Hospitality,Tour Tracker,14.99
Travel & Hospitality,Airport Log,15.99
Travel & Hospitality,Booking Form,14.99
Travel & Hospitality,Itinerary Checklist,14.99
Travel & Hospitality,Luggage Sheet,14.99
Travel & Hospitality,Expense Template,14.99
Travel & Hospitality,Customer Review,14.99
Travel & Hospitality,Reservation Planner,14.99
Travel & Hospitality,Tourism Guide,14.99
Travel & Hospitality,Stay Map,14.99
Travel & Hospitality,Arrival Tracker,14.99
Travel & Hospitality,Departure Log,14.99
Travel & Hospitality,Travel Day Form,14.99
Travel & Hospitality,Hotel Checklist,14.99
Travel & Hospitality,Vacation Sheet,14.99
Travel & Hospitality,Trip Template,14.99
Travel & Hospitality,Travel Review,14.99
Travel & Hospitality,Guest Planner,14.99
Travel & Hospitality,Check-In Guide,14.99
Travel & Hospitality,Check-Out Map,14.99
Travel & Hospitality,Tour Tracker,14.99
Travel & Hospitality,Airport Log,15.99
Travel & Hospitality,Booking Form,14.99
Travel & Hospitality,Itinerary Checklist,14.99
Travel & Hospitality,Luggage Sheet,14.99
Travel & Hospitality,Expense Template,14.99
Travel & Hospitality,Customer Review,14.99
Travel & Hospitality,Reservation Planner,14.99
Travel & Hospitality,Tourism Guide,14.99
Travel & Hospitality,Stay Map,14.99
Travel & Hospitality,Arrival Tracker,14.99
Travel & Hospitality,Departure Log,14.99
Travel & Hospitality,Travel Day Form,14.99
Travel & Hospitality,Hotel Checklist,14.99
Travel & Hospitality,Vacation Sheet,14.99
Travel & Hospitality,Trip Template,14.99
Travel & Hospitality,Travel Review,14.99
Travel & Hospitality,Guest Planner,14.99
Travel & Hospitality,Check-In Guide,14.99
Travel & Hospitality,Check-Out Map,14.99
Travel & Hospitality,Tour Tracker,14.99
Travel & Hospitality,Airport Log,15.99
Travel & Hospitality,Booking Form,14.99
Outdoor & Recreation,Hiking Checklist,14.99
Outdoor & Recreation,Camping Sheet,14.99
Outdoor & Recreation,Packing Template,14.99
Outdoor & Recreation,Fishing Checklist,14.99
Outdoor & Recreation,Trail Sheet,15.99
Outdoor & Recreation,Kayak Template,14.99
Outdoor & Recreation,Gear Checklist,14.99
Outdoor & Recreation,Lake Sheet,14.99
Outdoor & Recreation,Camp Template,14.99
Outdoor & Recreation,Outing Checklist,14.99
Outdoor & Recreation,Backyard Sheet,14.99
Outdoor & Recreation,Weekend Template,14.99
Outdoor & Recreation,Adventure Checklist,14.99
Outdoor & Recreation,Trailhead Sheet,15.99
Outdoor & Recreation,Weather Template,14.99
Outdoor & Recreation,Outdoor Checklist,14.99
Outdoor & Recreation,Packing Sheet,14.99
Outdoor & Recreation,Fitness Template,14.99
Outdoor & Recreation,Racing Checklist,14.99
Outdoor & Recreation,Road Trip Sheet,14.99
Outdoor & Recreation,Beach Template,14.99
Outdoor & Recreation,Hiking Checklist,14.99
Outdoor & Recreation,Camping Sheet,14.99
Outdoor & Recreation,Packing Template,14.99
Outdoor & Recreation,Fishing Checklist,14.99
Outdoor & Recreation,Trail Sheet,15.99
Outdoor & Recreation,Kayak Template,14.99
Outdoor & Recreation,Gear Checklist,14.99
Outdoor & Recreation,Lake Sheet,14.99
Outdoor & Recreation,Camp Template,14.99
Outdoor & Recreation,Outing Checklist,14.99
Outdoor & Recreation,Backyard Sheet,14.99
Outdoor & Recreation,Weekend Template,14.99
Outdoor & Recreation,Adventure Checklist,14.99
Outdoor & Recreation,Trailhead Sheet,15.99
Outdoor & Recreation,Weather Template,14.99
Outdoor & Recreation,Outdoor Checklist,14.99
Outdoor & Recreation,Packing Sheet,14.99
Outdoor & Recreation,Fitness Template,14.99
Outdoor & Recreation,Racing Checklist,14.99
Outdoor & Recreation,Road Trip Sheet,14.99
Outdoor & Recreation,Beach Template,14.99
Outdoor & Recreation,Hiking Checklist,14.99
Outdoor & Recreation,Camping Sheet,14.99
Outdoor & Recreation,Packing Template,14.99
Outdoor & Recreation,Fishing Checklist,14.99
Outdoor & Recreation,Trail Sheet,15.99
Outdoor & Recreation,Kayak Template,14.99
Outdoor & Recreation,Gear Checklist,14.99
Outdoor & Recreation,Lake Sheet,14.99
Nonprofit & Community,Volunteer Checklist,14.99
Nonprofit & Community,Donor Sheet,14.99
Nonprofit & Community,Fundraising Template,15.99
Nonprofit & Community,Grant Dashboard,14.99
Nonprofit & Community,Program Planner,14.99
Nonprofit & Community,Outreach Guide,14.99
Nonprofit & Community,Event Form,14.99
Nonprofit & Community,Impact Tracker,14.99
Nonprofit & Community,Community Log,14.99
Nonprofit & Community,Client Review,14.99
Nonprofit & Community,Case Checklist,14.99
Nonprofit & Community,Resource Sheet,14.99
Nonprofit & Community,Mentor Template,14.99
Nonprofit & Community,Workshop Dashboard,14.99
Nonprofit & Community,Capacity Planner,14.99
Nonprofit & Community,Needs Guide,14.99
Nonprofit & Community,Support Form,14.99
Nonprofit & Community,Partnership Tracker,14.99
Nonprofit & Community,Advocacy Log,14.99
Nonprofit & Community,Distribution Review,14.99
Nonprofit & Community,Volunteer Checklist,14.99
Nonprofit & Community,Donor Sheet,14.99
Nonprofit & Community,Fundraising Template,15.99
Nonprofit & Community,Grant Dashboard,14.99
Nonprofit & Community,Program Planner,14.99
Nonprofit & Community,Outreach Guide,14.99
Nonprofit & Community,Event Form,14.99
Nonprofit & Community,Impact Tracker,14.99
Nonprofit & Community,Community Log,14.99
Nonprofit & Community,Client Review,14.99
Nonprofit & Community,Case Checklist,14.99
Nonprofit & Community,Resource Sheet,14.99
Nonprofit & Community,Mentor Template,14.99
Nonprofit & Community,Workshop Dashboard,14.99
Nonprofit & Community,Capacity Planner,14.99
Nonprofit & Community,Needs Guide,14.99
Nonprofit & Community,Support Form,14.99
Nonprofit & Community,Partnership Tracker,14.99
Nonprofit & Community,Advocacy Log,14.99
Nonprofit & Community,Distribution Review,14.99
Nonprofit & Community,Volunteer Checklist,14.99
Nonprofit & Community,Donor Sheet,14.99
Nonprofit & Community,Fundraising Template,15.99
Nonprofit & Community,Grant Dashboard,14.99
Nonprofit & Community,Program Planner,14.99
Nonprofit & Community,Outreach Guide,14.99
Nonprofit & Community,Event Form,14.99
Nonprofit & Community,Impact Tracker,14.99
Nonprofit & Community,Community Log,14.99
Nonprofit & Community,Client Review,14.99
Warehousing & Logistics,Receiving Checklist,14.99
Warehousing & Logistics,Shipping Planner,14.99
Warehousing & Logistics,Inventory Template,14.99
Warehousing & Logistics,Cycle Count Guide,14.99
Warehousing & Logistics,Packing Log,14.99
Warehousing & Logistics,Dispatch Review,14.99
Warehousing & Logistics,Returns Dashboard,14.99
Warehousing & Logistics,Route Tracker,14.99
Warehousing & Logistics,Fleet Sheet,14.99
Warehousing & Logistics,Loading Form,14.99
Warehousing & Logistics,Warehouse Checklist,14.99
Warehousing & Logistics,Cold Chain Planner,15.99
Warehousing & Logistics,Storage Template,14.99
Warehousing & Logistics,Last Mile Guide,14.99
Warehousing & Logistics,Transfer Log,14.99
Warehousing & Logistics,Dock Review,14.99
Warehousing & Logistics,Fulfillment Dashboard,14.99
Warehousing & Logistics,Cross-Docking Tracker,14.99
Warehousing & Logistics,Freight Sheet,14.99
Warehousing & Logistics,Receiving Form,14.99
Warehousing & Logistics,Shipping Checklist,14.99
Warehousing & Logistics,Inventory Planner,14.99
Warehousing & Logistics,Cycle Count Template,14.99
Warehousing & Logistics,Packing Guide,14.99
Warehousing & Logistics,Dispatch Log,14.99
Warehousing & Logistics,Returns Review,14.99
Warehousing & Logistics,Route Dashboard,14.99
Warehousing & Logistics,Fleet Tracker,14.99
Warehousing & Logistics,Loading Sheet,14.99
Warehousing & Logistics,Warehouse Form,14.99
Warehousing & Logistics,Cold Chain Checklist,15.99
Warehousing & Logistics,Storage Planner,14.99
Warehousing & Logistics,Last Mile Template,14.99
Warehousing & Logistics,Transfer Guide,14.99
Warehousing & Logistics,Dock Log,14.99
Warehousing & Logistics,Fulfillment Review,14.99
Warehousing & Logistics,Cross-Docking Dashboard,14.99
Warehousing & Logistics,Freight Tracker,14.99
Warehousing & Logistics,Receiving Sheet,14.99
Warehousing & Logistics,Shipping Form,14.99
Warehousing & Logistics,Inventory Checklist,14.99
Warehousing & Logistics,Cycle Count Planner,14.99
Warehousing & Logistics,Packing Template,14.99
Warehousing & Logistics,Dispatch Guide,14.99
Warehousing & Logistics,Returns Log,14.99
Warehousing & Logistics,Route Review,14.99
Warehousing & Logistics,Fleet Dashboard,14.99
Warehousing & Logistics,Loading Tracker,14.99
Warehousing & Logistics,Warehouse Sheet,14.99
Warehousing & Logistics,Cold Chain Form,15.99
Beauty & Personal Care,Client Intake Checklist,15.99
Beauty & Personal Care,Consultation Sheet,15.99
Beauty & Personal Care,Treatment Template,15.99
Beauty & Personal Care,Aftercare Dashboard,15.99
Beauty & Personal Care,Appointment Planner,15.99
Beauty & Personal Care,Product Guide,15.99
Beauty & Personal Care,Skin Form,15.99
Beauty & Personal Care,Hair Tracker,16.99
Beauty & Personal Care,Nail Log,16.99
Beauty & Personal Care,Wax Review,15.99
Beauty & Personal Care,Massage Checklist,15.99
Beauty & Personal Care,Facial Sheet,15.99
Beauty & Personal Care,Salon Template,15.99
Beauty & Personal Care,Service Dashboard,16.99
Beauty & Personal Care,Retention Planner,15.99
Beauty & Personal Care,Follow Up Guide,15.99
Beauty & Personal Care,Branding Form,15.99
Beauty & Personal Care,Upsell Tracker,15.99
Beauty & Personal Care,Client Intake Log,15.99
Beauty & Personal Care,Consultation Review,15.99
Beauty & Personal Care,Treatment Checklist,15.99
Beauty & Personal Care,Aftercare Sheet,15.99
Beauty & Personal Care,Appointment Template,15.99
Beauty & Personal Care,Product Dashboard,15.99
Beauty & Personal Care,Skin Planner,15.99
Beauty & Personal Care,Hair Guide,16.99
Beauty & Personal Care,Nail Form,16.99
Beauty & Personal Care,Wax Tracker,15.99
Beauty & Personal Care,Massage Log,15.99
Beauty & Personal Care,Facial Review,15.99
Beauty & Personal Care,Salon Checklist,15.99
Beauty & Personal Care,Service Sheet,16.99
Beauty & Personal Care,Retention Template,15.99
Beauty & Personal Care,Follow Up Dashboard,15.99
Beauty & Personal Care,Branding Planner,15.99
Beauty & Personal Care,Upsell Guide,15.99
Beauty & Personal Care,Client Intake Form,15.99
Beauty & Personal Care,Consultation Tracker,15.99
Beauty & Personal Care,Treatment Log,15.99
Beauty & Personal Care,Aftercare Review,15.99
Beauty & Personal Care,Appointment Checklist,15.99
Beauty & Personal Care,Product Sheet,15.99
Beauty & Personal Care,Skin Template,15.99
Beauty & Personal Care,Hair Dashboard,16.99
Beauty & Personal Care,Nail Planner,16.99
Beauty & Personal Care,Wax Guide,15.99
Beauty & Personal Care,Massage Form,15.99
Beauty & Personal Care,Facial Tracker,15.99
Beauty & Personal Care,Salon Log,15.99
Beauty & Personal Care,Service Review,16.99
Event & Hospitality Ops,Event Setup Checklist,14.99
Event & Hospitality Ops,Guest Check-In Planner,14.99
Event & Hospitality Ops,Vendor Form,14.99
Event & Hospitality Ops,Schedule Dashboard,14.99
Event & Hospitality Ops,Crew Log,14.99
Event & Hospitality Ops,Venue Review,14.99
Event & Hospitality Ops,Run Sheet Guide,14.99
Event & Hospitality Ops,Load-In Tracker,14.99
Event & Hospitality Ops,Load-Out Sheet,14.99
Event & Hospitality Ops,Soundcheck Template,14.99
Event & Hospitality Ops,Volunteer Checklist,14.99
Event & Hospitality Ops,Cash Box Planner,14.99
Event & Hospitality Ops,Food Service Form,15.99
Event & Hospitality Ops,Backup Plan Dashboard,14.99
Event & Hospitality Ops,Event Flow Log,14.99
Event & Hospitality Ops,Staffing Review,14.99
Event & Hospitality Ops,Setup Guide,14.99
Event & Hospitality Ops,Breakdown Tracker,14.99
Event & Hospitality Ops,Event Setup Sheet,14.99
Event & Hospitality Ops,Guest Check-In Template,14.99
Event & Hospitality Ops,Vendor Checklist,14.99
Event & Hospitality Ops,Schedule Planner,14.99
Event & Hospitality Ops,Crew Form,14.99
Event & Hospitality Ops,Venue Dashboard,14.99
Event & Hospitality Ops,Run Sheet Log,14.99
Event & Hospitality Ops,Load-In Review,14.99
Event & Hospitality Ops,Load-Out Guide,14.99
Event & Hospitality Ops,Soundcheck Tracker,14.99
Event & Hospitality Ops,Volunteer Sheet,14.99
Event & Hospitality Ops,Cash Box Template,14.99
Event & Hospitality Ops,Food Service Checklist,15.99
Event & Hospitality Ops,Backup Plan Planner,14.99
Event & Hospitality Ops,Event Flow Form,14.99
Event & Hospitality Ops,Staffing Dashboard,14.99
Event & Hospitality Ops,Setup Log,14.99
Event & Hospitality Ops,Breakdown Review,14.99
Event & Hospitality Ops,Event Setup Guide,14.99
Event & Hospitality Ops,Guest Check-In Tracker,14.99
Event & Hospitality Ops,Vendor Sheet,14.99
Event & Hospitality Ops,Schedule Template,14.99
Event & Hospitality Ops,Crew Checklist,14.99
Event & Hospitality Ops,Venue Planner,14.99
Event & Hospitality Ops,Run Sheet Form,14.99
Event & Hospitality Ops,Load-In Dashboard,14.99
Event & Hospitality Ops,Load-Out Log,14.99
Event & Hospitality Ops,Soundcheck Review,14.99
Event & Hospitality Ops,Volunteer Guide,14.99
Event & Hospitality Ops,Cash Box Tracker,14.99
Event & Hospitality Ops,Food Service Sheet,15.99
Event & Hospitality Ops,Backup Plan Template,14.99
Fitness & Coaching,Client Intake Checklist,14.99
Fitness & Coaching,Workout Sheet,14.99
Fitness & Coaching,Progress Template,14.99
Fitness & Coaching,Nutrition Dashboard,14.99
Fitness & Coaching,Session Planner,14.99
Fitness & Coaching,Recovery Guide,14.99
Fitness & Coaching,Assessments Form,14.99
Fitness & Coaching,Membership Tracker,14.99
Fitness & Coaching,Coach Log,14.99
Fitness & Coaching,Challenge Review,14.99
Fitness & Coaching,Goal Checklist,14.99
Fitness & Coaching,Mobility Sheet,14.99
Fitness & Coaching,Strength Template,14.99
Fitness & Coaching,Conditioning Dashboard,14.99
Fitness & Coaching,Training Planner,15.99
Fitness & Coaching,Plan Guide,14.99
Fitness & Coaching,Follow-Up Form,14.99
Fitness & Coaching,Movement Tracker,14.99
Fitness & Coaching,Performance Log,14.99
Fitness & Coaching,Client Intake Review,14.99
Fitness & Coaching,Workout Checklist,14.99
Fitness & Coaching,Progress Sheet,14.99
Fitness & Coaching,Nutrition Template,14.99
Fitness & Coaching,Session Dashboard,14.99
Fitness & Coaching,Recovery Planner,14.99
Fitness & Coaching,Assessments Guide,14.99
Fitness & Coaching,Membership Form,14.99
Fitness & Coaching,Coach Tracker,14.99
Fitness & Coaching,Challenge Log,14.99
Fitness & Coaching,Goal Review,14.99
Fitness & Coaching,Mobility Checklist,14.99
Fitness & Coaching,Strength Sheet,14.99
Fitness & Coaching,Conditioning Template,14.99
Fitness & Coaching,Training Dashboard,15.99
Fitness & Coaching,Plan Planner,14.99
Fitness & Coaching,Follow-Up Guide,14.99
Fitness & Coaching,Movement Form,14.99
Fitness & Coaching,Performance Tracker,14.99
Fitness & Coaching,Client Intake Log,14.99
Fitness & Coaching,Workout Review,14.99
Fitness & Coaching,Progress Checklist,14.99
Fitness & Coaching,Nutrition Sheet,14.99
Fitness & Coaching,Session Template,14.99
Fitness & Coaching,Recovery Dashboard,14.99
Fitness & Coaching,Assessments Planner,14.99
Fitness & Coaching,Membership Guide,14.99
Fitness & Coaching,Coach Form,14.99
Fitness & Coaching,Challenge Tracker,14.99
Fitness & Coaching,Goal Log,14.99
Fitness & Coaching,Mobility Review,14.99
