cluster,product,price
Urban Young Professionals,The Overbooked Career Reset,14.99
Urban Young Professionals,The 7-Day Money Calm Challenge,17.99
Urban Young Professionals,The Social Battery Recovery Planner,19.99
Urban Young Professionals,The Work-Life Boundary Reset,14.99
Urban Young Professionals,The No-More-Decision-Fatigue Sheet,17.99
Urban Young Professionals,The Burnout Check-In Journal,19.99
Urban Young Professionals,The Freelancer Focus Reset,17.99
Urban Young Professionals,The Quiet Workday System,14.99
Urban Young Professionals,The After-Work Recovery Sheet,12.99
Urban Young Professionals,The Life Admin Chaos Fix,14.99
Urban Young Professionals,The Better Boundaries Blueprint,17.99
Urban Young Professionals,The Professional Burnout Reset,19.99
Urban Young Professionals,The Late-Night Overwhelm Tracker,14.99
Urban Young Professionals,The Weeknight Recovery Plan,17.99
Urban Young Professionals,The Career Pivot Starter Sheet,19.99
Urban Young Professionals,The Debt Stress Reset,12.99
Urban Young Professionals,The Hustle-to-Health Planner,17.99
Urban Young Professionals,The Startup Life Balance Sheet,14.99
Urban Young Professionals,The Busy Brain Reset,19.99
Urban Young Professionals,The Working-Parent Recovery Page,16.99
Urban Young Professionals,The Zoom Fatigue Recovery Sheet,17.99
Urban Young Professionals,The City Life Calm Planner,14.99
Urban Young Professionals,The Unfinished Tasks Reset,19.99
Urban Young Professionals,The Too-Much-To-Do Toolkit,17.99
Urban Young Professionals,The Time-Blocked Recovery Sheet,14.99
Urban Young Professionals,The 5-Day Focus Reset,16.99
Urban Young Professionals,The Executive Overload Log,19.99
Urban Young Professionals,The Career Burnout Recovery Card,14.99
Urban Young Professionals,The Money Anxiety Relief Sheet,17.99
Urban Young Professionals,The Side-Hustle Clarity Planner,19.99
Urban Young Professionals,The Weekly Reset System,14.99
Urban Young Professionals,The Mental Load Audit,17.99
Urban Young Professionals,The Average-Day Overhaul,19.99
Urban Young Professionals,The No-Drama Budget Journal,14.99
Urban Young Professionals,The Digital Sabbath Reset,17.99
Urban Young Professionals,The Recovery After Burnout Sheet,19.99
Suburban Families & Parents,The Mental Load Tracker,12.99
Suburban Families & Parents,The School-Year Survival Planner,14.99
Suburban Families & Parents,The Family Admin Reset,17.99
Suburban Families & Parents,The Parent Recovery Checklist,14.99
Suburban Families & Parents,The Household Calm Blueprint,16.99
Suburban Families & Parents,The Meal + Budget Chaos Fix,17.99
Suburban Families & Parents,The Morning Family Reset Sheet,12.99
Suburban Families & Parents,The School Forms Organizer,14.99
Suburban Families & Parents,The Parent Overwhelm Recovery Page,16.99
Suburban Families & Parents,The After-School Recovery Planner,14.99
Suburban Families & Parents,The Family Schedule Simplifier,17.99
Suburban Families & Parents,The Clean Kitchen Reset,14.99
Suburban Families & Parents,The Home Chaos Catch-Up Sheet,12.99
Suburban Families & Parents,The Kids-Activities Survival Planner,14.99
Suburban Families & Parents,The Bedtime Routine Reset,16.99
Suburban Families & Parents,The Laundry + Life Reset,12.99
Suburban Families & Parents,The Family Energy Audit,14.99
Suburban Families & Parents,The Parent Time-Block System,17.99
Suburban Families & Parents,The No-Drama School Week Planner,12.99
Suburban Families & Parents,The Busy Family Financial Calm Sheet,16.99
Suburban Families & Parents,The Waiting-for-Help Reset,14.99
Suburban Families & Parents,The Family Decision Journal,17.99
Suburban Families & Parents,The Household Calendar Overhaul,12.99
Suburban Families & Parents,The Overwhelmed Parent Recovery Sheet,14.99
Suburban Families & Parents,The School Lunch & Budget Planner,16.99
Suburban Families & Parents,The Family Chore Reset,12.99
Suburban Families & Parents,The Me-Time Protection Guide,14.99
Suburban Families & Parents,The Family Bill & Budget Tracker,17.99
Suburban Families & Parents,The Weekend Recovery System,12.99
Suburban Families & Parents,The Parent Brain Dump Sheet,14.99
Suburban Families & Parents,The Home Reset for Busy Weeks,17.99
Suburban Families & Parents,The Daily Family Calm Routine,14.99
Suburban Families & Parents,The Parent Reset & Recovery System,16.99
Suburban Families & Parents,The Sibling Schedule Triage Sheet,12.99
Suburban Families & Parents,The Family Functions Survival Guide,14.99
Suburban Families & Parents,The Household Admin Reset,17.99
Rural Working Households,The Rural Life Admin Reset,12.99
Rural Working Households,The Seasonal Budget Planner,14.99
Rural Working Households,The Farm & Home Chaos Tracker,17.99
Rural Working Households,The Busy Household Recovery Guide,14.99
Rural Working Households,The Money Safety Buffer Planner,16.99
Rural Working Households,The Utility & Household Emergency Checklist,17.99
Rural Working Households,The Weather-Driven Routine Sheet,12.99
Rural Working Households,The Rural Family Time Planner,14.99
Rural Working Households,The Farmwork + Family Balance Sheet,16.99
Rural Working Households,The Seasonal Burnout Recovery Guide,14.99
Rural Working Households,The Long-Day Recovery Sheet,17.99
Rural Working Households,The Weather-Delay Reset Aid,12.99
Rural Working Households,The Home Repair & Priorities List,14.99
Rural Working Households,The Essential Errands Organizer,16.99
Rural Working Households,The Rural Self-Sufficiency Planner,12.99
Rural Working Households,The Town-Run & Supply Tracker,14.99
Rural Working Households,The Work-Home Transition Guide,16.99
Rural Working Households,The Family Logistics Reset,12.99
Rural Working Households,The Seasonal Money Calm Page,14.99
Rural Working Households,The Transportation & Errand Planner,17.99
Rural Working Households,The Busy Household Decision Sheet,12.99
Rural Working Households,The Farm Family Recovery Card,14.99
Rural Working Households,The Off-Grid Life Admin Sheet,16.99
Rural Working Households,The Weather-Change Reset Journal,12.99
Rural Working Households,The Home & Yard Queue Planner,14.99
Rural Working Households,The Weekly Household Survival Sheet,17.99
Rural Working Households,The Rural Budget & Buffer Planner,12.99
Rural Working Households,The Workday Recovery Checklist,14.99
Rural Working Households,The Family Maintenance Planner,16.99
Rural Working Households,The On-the-Go Household Sheet,12.99
Rural Working Households,The Emergency Prep & Calm Sheet,14.99
Rural Working Households,The Rural Chore Simplifier,17.99
Rural Working Households,The Busy Week Reset Planner,12.99
Rural Working Households,The Family Logistics Triage,14.99
Rural Working Households,The Seasonal Life Reset,16.99
Rural Working Households,The Home + Work Recovery Map,17.99
Neurodivergent Adults,ADHD Executive Function Reset,14.99
Neurodivergent Adults,The Hyperfocus Recovery Workbook,19.99
Neurodivergent Adults,Sensory Overload Recovery Sheet,17.99
Neurodivergent Adults,The Time Blindness Fix Kit,14.99
Neurodivergent Adults,The Low-Energy Decision Journal,19.99
Neurodivergent Adults,The Task Recovery List,17.99
Neurodivergent Adults,The Daily Reset for Brain Fog,14.99
Neurodivergent Adults,The Focus Block Recovery Planner,19.99
Neurodivergent Adults,The Executive Dysfunction Recovery Map,17.99
Neurodivergent Adults,The Hidden To-Do Restart Sheet,14.99
Neurodivergent Adults,The Overwhelm Filter Planner,19.99
Neurodivergent Adults,The Transition Anxiety Relief Page,17.99
Neurodivergent Adults,The Masking Fatigue Tracker,14.99
Neurodivergent Adults,The Unfinished Task Rescue Sheet,19.99
Neurodivergent Adults,The Low-Stimulation Workday Guide,17.99
Neurodivergent Adults,The Start-Stop System,14.99
Neurodivergent Adults,The Attention Recovery Worksheet,19.99
Neurodivergent Adults,The Busy Brain + Messy Day Sheet,17.99
Neurodivergent Adults,The Reset After Shutdown Page,14.99
Neurodivergent Adults,The Weekly Planning Simplifier,19.99
Neurodivergent Adults,The ADHD Time Estimate Sheet,17.99
Neurodivergent Adults,The Energy Management Checker,14.99
Neurodivergent Adults,The Focus Routine Repair Kit,19.99
Neurodivergent Adults,The Avoidance Recovery Planner,17.99
Neurodivergent Adults,The Shutdown Recovery Card,14.99
Neurodivergent Adults,The Executive Reset Blueprint,19.99
Neurodivergent Adults,The Sensory Needs Planner,17.99
Neurodivergent Adults,The Routine Recovery Sheet,14.99
Neurodivergent Adults,The Brain Fog Survival Guide,19.99
Neurodivergent Adults,The Starting-Again Checklist,17.99
Neurodivergent Adults,The Focus-Friendly Daily Sheet,14.99
Neurodivergent Adults,The Hyperfocus-to-Habit Reset,19.99
Neurodivergent Adults,The Overwhelmed Brain Organizer,17.99
Neurodivergent Adults,The Out-of-Office Reset,14.99
Neurodivergent Adults,The Recovering Focus Planner,19.99
Neurodivergent Adults,The Calm Workday System,17.99
Chronic Illness & Recovery Households,The Energy Recovery Map,17.99
Chronic Illness & Recovery Households,Symptom + Trigger Tracker,19.99
Chronic Illness & Recovery Households,The Chronic Fatigue Day Planner,24.99
Chronic Illness & Recovery Households,The Low-Energy Life System,19.99
Chronic Illness & Recovery Households,Flare Management Checklist,21.99
Chronic Illness & Recovery Households,Recovery Day Reset Sheet,17.99
Chronic Illness & Recovery Households,The Pain & Energy Balance Sheet,19.99
Chronic Illness & Recovery Households,The Setback Recovery Guide,24.99
Chronic Illness & Recovery Households,The Activity Pacing Sheet,19.99
Chronic Illness & Recovery Households,The Spoon-Count Recovery Guide,21.99
Chronic Illness & Recovery Households,The Recovery Routine Builder,17.99
Chronic Illness & Recovery Households,The Peak-and-Bad-Day Planner,19.99
Chronic Illness & Recovery Households,The Health Admin Reset,24.99
Chronic Illness & Recovery Households,The Symptom Pattern Review Sheet,19.99
Chronic Illness & Recovery Households,The Medication + Routine Tracker,21.99
Chronic Illness & Recovery Households,The Pain Recovery Roadmap,17.99
Chronic Illness & Recovery Households,The Body Signals Journal,19.99
Chronic Illness & Recovery Households,The Not-Enough-Energy Reset,24.99
Chronic Illness & Recovery Households,The Recovery Week Planner,19.99
Chronic Illness & Recovery Households,The Low-Load Day System,21.99
Chronic Illness & Recovery Households,The Chronic Illness Budget Sheet,17.99
Chronic Illness & Recovery Households,The Recovery-Friendly Routine,19.99
Chronic Illness & Recovery Households,The Rest-First Planner,24.99
Chronic Illness & Recovery Households,The Flare Prep Checklist,19.99
Chronic Illness & Recovery Households,The Energy Banking Worksheet,21.99
Chronic Illness & Recovery Households,The Cycle + Symptom Calendar,17.99
Chronic Illness & Recovery Households,The Care Need Helper,19.99
Chronic Illness & Recovery Households,The Recovery Reset After Crisis,24.99
Chronic Illness & Recovery Households,The Daily Check-In Card,19.99
Chronic Illness & Recovery Households,The Hard-Day Survival Guide,21.99
Chronic Illness & Recovery Households,The Chronic Illness Family Planner,17.99
Chronic Illness & Recovery Households,The Energy Rescue Map,19.99
Chronic Illness & Recovery Households,The Remote Recovery Plan,24.99
Chronic Illness & Recovery Households,The Recovery-Friendly Meal Tracker,19.99
Chronic Illness & Recovery Households,The Unwell Day Simplifier,21.99
Chronic Illness & Recovery Households,The Health Reset Sheet,17.99
Older Adults & Caregivers,The Memory Support Routine,12.99
Older Adults & Caregivers,The Medication & Health Tracker,14.99
Older Adults & Caregivers,The Social Connection Calendar,16.99
Older Adults & Caregivers,The Financial Calm for Retirees,14.99
Older Adults & Caregivers,The Caregiver Capacity Planner,17.99
Older Adults & Caregivers,The Senior Daily Reset Sheet,12.99
Older Adults & Caregivers,The Health Routine Simplifier,14.99
Older Adults & Caregivers,The Family Care Logistics Sheet,16.99
Older Adults & Caregivers,The Daily Mobility & Energy Check,12.99
Older Adults & Caregivers,The Home Safety & Comfort List,14.99
Older Adults & Caregivers,The Medication Schedule Organizer,16.99
Older Adults & Caregivers,The Senior Meal & Hydration Tracker,12.99
Older Adults & Caregivers,The Memory Cue Card Set,14.99
Older Adults & Caregivers,The Caregiver Recovery Sheet,16.99
Older Adults & Caregivers,The Gentle Physical Activity Planner,12.99
Older Adults & Caregivers,The Community Access Guide,14.99
Older Adults & Caregivers,The Calm Budget for Later Life,16.99
Older Adults & Caregivers,The Rest & Recovery Routine,12.99
Older Adults & Caregivers,The Appointment + Follow-Up Tracker,14.99
Older Adults & Caregivers,The Caregiver Stress Reset,16.99
Older Adults & Caregivers,The Home Routine for Aging Well,12.99
Older Adults & Caregivers,The Weekly Health Review Card,14.99
Older Adults & Caregivers,The Family Care Map,16.99
Older Adults & Caregivers,The Independence Support Plan,12.99
Older Adults & Caregivers,The Senior Social Routine,14.99
Older Adults & Caregivers,The Health Decision Journal,16.99
Older Adults & Caregivers,The Low-Stress Daily Checklist,12.99
Older Adults & Caregivers,The Care Schedule Simplifier,14.99
Older Adults & Caregivers,The Support Network Map,16.99
Older Adults & Caregivers,The Gentle Routine Builder,12.99
Older Adults & Caregivers,The Frictionless Daily System,14.99
Older Adults & Caregivers,The Comfort & Safety Planner,16.99
Older Adults & Caregivers,The Caregiver Brain Dump Sheet,12.99
Older Adults & Caregivers,The Later-Life Money Calm Guide,14.99
Older Adults & Caregivers,The Recovery-Friendly Daily Planner,16.99
Older Adults & Caregivers,The Aging Well Reset Sheet,12.99
