Product,Price
Lifeguard Shift Safety Checklist,14.99
Lifeguard Incident Report,17.99
Pool Chemical Log,12.99
Beach Patrol Scan Sheet,14.99
Rescue Drill Record,14.99
Restaurant Opening Checklist,14.99
Restaurant Closing Checklist,14.99
Food Safety Temperature Log,16.99
Kitchen Prep & Line Check,14.99
Restaurant Inventory Count Sheet,16.99
Retail Daily Sales Snapshot,14.99
Retail Inventory Count Sheet,14.99
Cash Drawer Reconciliation,12.99
Store Opening Check,12.99
Store Closing Checklist,13.99
Construction Daily Job Log,17.99
Construction Safety Checklist,17.99
Site Inspection Report,19.99
Subcontractor Daily Sheet,15.99
Job Estimate Summary,17.99
Lawyer Client Intake Sheet,19.99
Attorney Case Status Tracker,19.99
Legal Billing Time Sheet,17.99
Client Follow-Up Reminder,14.99
Notary Log Sheet,14.99
Property Manager Inspection Form,16.99
Apartment Turnover Checklist,16.99
Rental Move-In Condition Sheet,14.99
Real Estate Showing Checklist,17.99
Home Inspection Punch List,16.99
Auto Shop Repair Intake,14.99
Mechanic Job Estimate,17.99
Salon Client Consultation,14.99
Daycare Attendance Sheet,12.99
Warehouse Receiving Log,16.99
Delivery Route Planner,15.99
